{
    "Keypoint": {
        "0": {
            "x": 41.83993922302505,
            "y": 41.83993922302505
        },
        "1": {
            "x": 35.7814691146855,
            "y": 35.7814691146855
        },
        "2": {
            "x": 36.491316102906765,
            "y": 36.491316102906765
        },
        "3": {
            "x": 37.72553422309696,
            "y": 37.72553422309696
        },
        "4": {
            "x": 41.9129365984326,
            "y": 41.9129365984326
        },
        "5": {
            "x": 56.06990796381646,
            "y": 56.06990796381646
        },
        "6": {
            "x": 63.66536852071336,
            "y": 63.66536852071336
        },
        "7": {
            "x": 25.522110418971515,
            "y": 25.522110418971515
        },
        "8": {
            "x": 33.409957291392416,
            "y": 33.409957291392416
        },
        "9": {
            "x": 0.0,
            "y": 0.0
        },
        "10": {
            "x": 4.471056993518705,
            "y": 4.471056993518705
        },
        "11": {
            "x": 113.51722682841825,
            "y": 113.51722682841825
        },
        "12": {
            "x": 113.54182570647872,
            "y": 113.54182570647872
        },
        "13": {
            "x": 158.24996237306743,
            "y": 158.24996237306743
        },
        "14": {
            "x": 158.16521500637765,
            "y": 158.16521500637765
        },
        "15": {
            "x": 199.51051577124235,
            "y": 199.51051577124235
        },
        "16": {
            "x": 200.00000000000003,
            "y": 200.00000000000003
        }
    }
}