{
    "Keypoint": {
        "0": {
            "x": 2.7421211983020255,
            "y": 2.7421211983020255
        },
        "1": {
            "x": 6.812162124707445,
            "y": 6.812162124707445
        },
        "2": {
            "x": 0.0,
            "y": 0.0
        },
        "3": {
            "x": 17.783578232156334,
            "y": 17.783578232156334
        },
        "4": {
            "x": 2.115243016679972,
            "y": 2.115243016679972
        },
        "5": {
            "x": 44.879243657811784,
            "y": 44.879243657811784
        },
        "6": {
            "x": 26.545319469072382,
            "y": 26.545319469072382
        },
        "7": {
            "x": 77.7334101767646,
            "y": 77.7334101767646
        },
        "8": {
            "x": 97.81954910642253,
            "y": 97.81954910642253
        },
        "9": {
            "x": 161.84345704986112,
            "y": 161.84345704986112
        },
        "10": {
            "x": 170.36858741942072,
            "y": 170.36858741942072
        },
        "11": {
            "x": 62.87926847373885,
            "y": 62.87926847373885
        },
        "12": {
            "x": 171.9133369815969,
            "y": 171.9133369815969
        },
        "13": {
            "x": 124.48055967542913,
            "y": 124.48055967542913
        },
        "14": {
            "x": 178.50950358692205,
            "y": 178.50950358692205
        },
        "15": {
            "x": 167.7791066653002,
            "y": 167.7791066653002
        },
        "16": {
            "x": 200.0,
            "y": 200.0
        }
    }
}