{
    "Keypoint": {
        "0": {
            "x": 74.11399182523616,
            "y": 74.11399182523616
        },
        "1": {
            "x": 66.32770241496105,
            "y": 66.32770241496105
        },
        "2": {
            "x": 68.84986876295845,
            "y": 68.84986876295845
        },
        "3": {
            "x": 77.09041210680928,
            "y": 77.09041210680928
        },
        "4": {
            "x": 85.4720715027303,
            "y": 85.4720715027303
        },
        "5": {
            "x": 100.81746535029053,
            "y": 100.81746535029053
        },
        "6": {
            "x": 112.1696424998599,
            "y": 112.1696424998599
        },
        "7": {
            "x": 65.1211407771085,
            "y": 65.1211407771085
        },
        "8": {
            "x": 102.22273958168171,
            "y": 102.22273958168171
        },
        "9": {
            "x": 0.0,
            "y": 0.0
        },
        "10": {
            "x": 81.28541700219962,
            "y": 81.28541700219962
        },
        "11": {
            "x": 178.86915030560226,
            "y": 178.86915030560226
        },
        "12": {
            "x": 184.1893840241399,
            "y": 184.1893840241399
        },
        "13": {
            "x": 173.84978229234005,
            "y": 173.84978229234005
        },
        "14": {
            "x": 180.38832425597946,
            "y": 180.38832425597946
        },
        "15": {
            "x": 200.0,
            "y": 200.0
        },
        "16": {
            "x": 185.77059072831318,
            "y": 185.77059072831318
        }
    }
}