{
    "Keypoint": {
        "0": {
            "x": 46.85469924289009,
            "y": 46.85469924289009
        },
        "1": {
            "x": 42.2035544189051,
            "y": 42.2035544189051
        },
        "2": {
            "x": 42.04373931825741,
            "y": 42.04373931825741
        },
        "3": {
            "x": 46.79079220532753,
            "y": 46.79079220532753
        },
        "4": {
            "x": 46.44079784102023,
            "y": 46.44079784102023
        },
        "5": {
            "x": 62.63473659262087,
            "y": 62.63473659262087
        },
        "6": {
            "x": 62.86494681908035,
            "y": 62.86494681908035
        },
        "7": {
            "x": 31.681444299083527,
            "y": 31.681444299083527
        },
        "8": {
            "x": 40.91752945232996,
            "y": 40.91752945232996
        },
        "9": {
            "x": 0.0,
            "y": 0.0
        },
        "10": {
            "x": 10.447375785371777,
            "y": 10.447375785371777
        },
        "11": {
            "x": 113.4839379815847,
            "y": 113.4839379815847
        },
        "12": {
            "x": 110.57714014635357,
            "y": 110.57714014635357
        },
        "13": {
            "x": 156.42599135698347,
            "y": 156.42599135698347
        },
        "14": {
            "x": 137.32751017216466,
            "y": 137.32751017216466
        },
        "15": {
            "x": 200.0,
            "y": 200.0
        },
        "16": {
            "x": 136.68246727325274,
            "y": 136.68246727325274
        }
    }
}