{
    "Asana1": {
        "Keypoint": {
            "0": {
                "x": 5.015434968309015,
                "y": 5.015434968309015
            },
            "1": {
                "x": 0.0,
                "y": 0.0
            },
            "2": {
                "x": 0.4808655830595539,
                "y": 0.4808655830595539
            },
            "3": {
                "x": 4.221941763040831,
                "y": 4.221941763040831
            },
            "4": {
                "x": 1.4078954375651331,
                "y": 1.4078954375651331
            },
            "5": {
                "x": 32.578503656720926,
                "y": 32.578503656720926
            },
            "6": {
                "x": 32.297539184585055,
                "y": 32.297539184585055
            },
            "7": {
                "x": 69.69940221144975,
                "y": 69.69940221144975
            },
            "8": {
                "x": 67.34960120538695,
                "y": 67.34960120538695
            },
            "9": {
                "x": 39.37327804782981,
                "y": 39.37327804782981
            },
            "10": {
                "x": 42.934919662835185,
                "y": 42.934919662835185
            },
            "11": {
                "x": 92.18370390542216,
                "y": 92.18370390542216
            },
            "12": {
                "x": 90.02511236003178,
                "y": 90.02511236003178
            },
            "13": {
                "x": 146.5379121691893,
                "y": 146.5379121691893
            },
            "14": {
                "x": 126.62295963123681,
                "y": 126.62295963123681
            },
            "15": {
                "x": 200.0,
                "y": 200.0
            },
            "16": {
                "x": 130.92014738514126,
                "y": 130.92014738514126
            }
        }
    },
    "Asana2": {
        "Keypoint": {
            "0": {
                "x": 6.07885029748901,
                "y": 6.07885029748901
            },
            "1": {
                "x": 0.8751723895630571,
                "y": 0.8751723895630571
            },
            "2": {
                "x": 1.8769318723704627,
                "y": 1.8769318723704627
            },
            "3": {
                "x": 0.0,
                "y": 0.0
            },
            "4": {
                "x": 1.843297330491654,
                "y": 1.843297330491654
            },
            "5": {
                "x": 24.662703445526017,
                "y": 24.662703445526017
            },
            "6": {
                "x": 32.415908944331775,
                "y": 32.415908944331775
            },
            "7": {
                "x": 50.30689006781549,
                "y": 50.30689006781549
            },
            "8": {
                "x": 87.85064305162645,
                "y": 87.85064305162645
            },
            "9": {
                "x": 0.015385756475079865,
                "y": 0.015385756475079865
            },
            "10": {
                "x": 49.21478506582266,
                "y": 49.21478506582266
            },
            "11": {
                "x": 106.78952355299295,
                "y": 106.78952355299295
            },
            "12": {
                "x": 109.54987403321505,
                "y": 109.54987403321505
            },
            "13": {
                "x": 167.12873046121038,
                "y": 167.12873046121038
            },
            "14": {
                "x": 169.323987032797,
                "y": 169.323987032797
            },
            "15": {
                "x": 200.0,
                "y": 200.0
            },
            "16": {
                "x": 197.94463993337052,
                "y": 197.94463993337052
            }
        }
    }
}